title,image,date,excerpt,link
Công bố thông tin về Báo cáo thường niên năm 2024,https://bamepharm.com.vn/wp-content/uploads/2025/01/Bamepharm-326x245.png,22/03/2025,Vui lòng tải báo cáo,https://bamepharm.com.vn/2025/03/22/cong-bo-thong-tin-ve-bao-cao-thuong-nien-nam-2024/
CBTT ngày đăng ký cuối cùng để thực hiện quyền tham dự ĐHĐCĐ thường niên năm 2025,https://bamepharm.com.vn/wp-content/uploads/2025/01/Bamepharm-326x245.png,18/03/2025,Xem nội dung đính kèm tại đây,https://bamepharm.com.vn/2025/03/18/cbtt-ngay-dang-ky-cuoi-cung-de-thuc-hien-quyen-tham-du-dhdcd-thuong-nien-nam-2025/
Công bố thông tin về tỷ lệ SHNN tối đa,https://bamepharm.com.vn/wp-content/uploads/2025/01/Bamepharm-326x245.png,17/03/2025,Thống báo tỷ lệ sở hữu nước ngoài tối đa tại Công ty cổ phần Dược – Vật tư y tế Đắk Lắk Xem nội […],https://bamepharm.com.vn/2025/03/17/cong-bo-thong-tin-ve-ty-le-shnn-toi-da/
CBTT Báo cáo tài chính kiểm toán năm 2024,https://bamepharm.com.vn/wp-content/uploads/2025/01/Bamepharm-326x245.png,11/3/2025,Báo cáo tài chính kiểm toán năm 2024,https://bamepharm.com.vn/2025/03/11/cbtt-bao-cao-tai-chinh-kiem-toan-nam-2024/
Báo cáo Tình hình quản trị công ty năm 2024,https://bamepharm.com.vn/wp-content/themes/mh-magazine-lite/images/placeholder-medium.png,21/01/2025,Vui lòng Tải báo cáo: Tại đây!,https://bamepharm.com.vn/2025/01/21/bao-cao-tinh-hinh-quan-tri-cong-ty-nam-2024/
CBTT V/V THAY ĐỔI NHÂN SỰ,https://bamepharm.com.vn/wp-content/themes/mh-magazine-lite/images/placeholder-medium.png,30/12/2024, VUI LÒNG TẢI NQ: TẠI ĐÂY!,https://bamepharm.com.vn/2024/12/30/cbtt-vv-thay-doi-nhan-su/
Báo cáo kết quả giao dịch và trở thành cổ đông lớn/ người có liên quan,https://bamepharm.com.vn/wp-content/uploads/2024/08/cropped-SiteLogo.jpg,7/10/2024,Báo cáo: Vui lòng tải tại đây!,https://bamepharm.com.vn/2024/10/07/bao-cao-ket-qua-giao-dich-va-tro-thanh-co-dong-lon-nguoi-co-lien-quan/
CBTT v/v Phê duyệt hạn mức tín dụng năm 2024,https://bamepharm.com.vn/wp-content/themes/mh-magazine-lite/images/placeholder-medium.png,8/8/2024,Vui lòng Tải NQ: Tại đây!,https://bamepharm.com.vn/2024/08/08/cbtt-vv-phe-duyet-han-muc-tin-dung-nam-2024/
CBTT Danh sách Cổ đông lớn 2024,https://bamepharm.com.vn/wp-content/uploads/2024/07/cropped-SiteLogo.jpg,17/07/2024,Vui lòng tải Danh sách: Tại đây!,https://bamepharm.com.vn/2024/07/17/cbtt-danh-sach-co-dong-lon-2024/
Báo cáo tình hình quản trị Công ty 6 tháng năm 2024,https://bamepharm.com.vn/wp-content/uploads/2017/04/cropped-SiteLogo.jpg,17/07/2024,Vui lòng Tải báo cáo: Tại đây!,https://bamepharm.com.vn/2024/07/17/bao-cao-tinh-hinh-quan-tri-cong-ty-6-thang-nam-2024/
CBTT V/v Ký hợp đồng kiểm toán báo cáo tài chính năm 2024,https://bamepharm.com.vn/wp-content/uploads/2017/04/cropped-SiteLogo.jpg,1/7/2024,Vui lòng Tải: Tại đây!,https://bamepharm.com.vn/2024/07/01/cbtt-vv-ky-hop-dong-kiem-toan-bao-cao-tai-chinh-nam-2024/
CBTT V/v Thay đổi nội dung đăng ký doanh nghiệp,https://bamepharm.com.vn/wp-content/uploads/2017/04/SiteLogo.jpg,5/6/2024,Vui lòng Tải: Tại đây!,https://bamepharm.com.vn/2024/06/05/cbtt-vv-thay-doi-noi-dung-dang-ky-doanh-nghiep/
CBTT Ngày ĐKCC để thực hiện quyền của người sở hữu cổ phiếu – Chi trả cổ tức năm 2023 bằng tiền,https://bamepharm.com.vn/wp-content/uploads/2017/04/cropped-SiteLogo.jpg,30/05/2024,NQ HĐQT đính kèm: Tại đây!,https://bamepharm.com.vn/2024/05/30/cbtt-ngay-dkcc-de-thuc-hien-quyen-cua-nguoi-so-huu-co-phieu-chi-tra-co-tuc-nam-2023-bang-tien/
CBTT Biên bản và Nghị quyết Đại hội đồng cổ đông thường niên năm 2024,https://bamepharm.com.vn/wp-content/uploads/2017/04/cropped-SiteLogo.jpg,22/04/2024,Tải Biên bản họp và Nghị quyết ĐHĐCĐ 2024: Tại đây!,https://bamepharm.com.vn/2024/04/22/cbtt-bien-ban-va-nghi-quyet-dai-hoi-dong-co-dong-thuong-nien-nam-2024/
"V/v CBTT Thông báo, thư mời họp và tài liệu ĐHĐCĐ thường niên năm 2024",https://bamepharm.com.vn/wp-content/uploads/2017/04/cropped-SiteLogo.jpg,1/4/2024,"Vui lòng tải: Tài liệu họp ĐHĐCĐ: Tại đây! Thông báo, thư mời họp: Tại đây! Thư xác nhận, Giấy ủy quyền: Tại đây! Chương trình họp […]",https://bamepharm.com.vn/2024/04/01/1939/
V/v Quyết định áp dụng các biện pháp khắc phục hậu quả về thuế năm 2023,https://bamepharm.com.vn/wp-content/uploads/2017/04/cropped-SiteLogo.jpg,30/03/2024,Vui lòng tải: Tại đây!,https://bamepharm.com.vn/2024/03/30/vv-quyet-dinh-ap-dung-cac-bien-phap-khac-phuc-hau-qua-ve-thue-nam-2023/
CBTT Báo cáo thường niên năm 2023,https://bamepharm.com.vn/wp-content/uploads/2017/04/cropped-SiteLogo.jpg,12/3/2024,Vui lòng tải báo cáo: Tại đây!,https://bamepharm.com.vn/2024/03/12/cbtt-bao-cao-thuong-nien-nam-2023/
CBTT Báo cáo tài chính kiểm toán năm 2023,https://bamepharm.com.vn/wp-content/uploads/2017/04/cropped-SiteLogo.jpg,5/3/2024,Báo cáo tài chính kiểm toán năm 2023.,https://bamepharm.com.vn/2024/03/05/cbtt-bao-cao-tai-chinh-kiem-toan-nam-2023/
CBTT ngày đăng ký cuối cùng để thực hiện quyền tham dự ĐHĐCĐ thường niên năm 2024,https://bamepharm.com.vn/wp-content/uploads/2017/04/cropped-SiteLogo.jpg,23/02/2024,Vui lòng Tải: Tại đây!,https://bamepharm.com.vn/2024/02/23/cbtt-ngay-dang-ky-cuoi-cung-de-thuc-hien-quyen-tham-du-dhdcd-thuong-nien-nam-2024/
CBTT V/v đầu tư sửa chữa Tổng kho và đầu tư Trung tâm thương mại Dược – Trang thiết bị Y tế,https://bamepharm.com.vn/wp-content/uploads/2017/04/SiteLogo.jpg,23/01/2024,Vui lòng tải NQ: Tại đây!,https://bamepharm.com.vn/2024/01/23/cbtt-vv-dau-tu-sua-chua-tong-kho-va-dau-tu-trung-tam-thuong-mai-duoc-trang-thiet-bi-y-te/
Báo cáo Tình hình quản trị công ty năm 2023,https://bamepharm.com.vn/wp-content/uploads/2017/04/SiteLogo.jpg,17/01/2024,Vui lòng Tải báo cáo: Tại đây!,https://bamepharm.com.vn/2024/01/17/bao-cao-tinh-hinh-quan-tri-cong-ty-nam-2023/
"V/v Thông qua kết quả kinh doanh Quý III năm 2023, kế hoạch kinh doanh Quý IV/2023 và tạm giao kế hoạch kinh doanh năm 2024",https://bamepharm.com.vn/wp-content/uploads/2017/04/cropped-SiteLogo.jpg,8/12/2023,Vui lòng tải NQ-06/2023/NQ-HĐQT: Tại đây!,https://bamepharm.com.vn/2023/12/08/vv-thong-qua-ket-qua-kinh-doanh-quy-iii-nam-2023-ke-hoach-kinh-doanh-quy-iv2023-va-tam-giao-ke-hoach-kinh-doanh-nam-2024/
V/v Thông qua kết quả kinh doanh 6 tháng đầu năm 2023 và kế hoạch kinh doanh Quý III/2023,https://bamepharm.com.vn/wp-content/uploads/2017/04/cropped-SiteLogo.jpg,17/08/2023,Vui lòng Tải NQ: Tại đây!,https://bamepharm.com.vn/2023/08/17/vv-thong-qua-ket-qua-kinh-doanh-6-thang-dau-nam-2023-va-ke-hoach-kinh-doanh-quy-iii2023/
Báo cáo Danh sách cổ đông lớn 2023,https://bamepharm.com.vn/wp-content/uploads/2017/04/cropped-SiteLogo.jpg,3/7/2023,Vui lòng tải: Tại đây!,https://bamepharm.com.vn/2023/07/03/bao-cao-danh-sach-co-dong-lon/
CBTT V/v ký kết hợp đồng kiểm toán Báo cáo tài chính năm 2023,https://bamepharm.com.vn/wp-content/uploads/2017/04/cropped-SiteLogo.jpg,29/06/2023,,https://bamepharm.com.vn/2023/06/29/cbtt-vv-ky-ket-hop-dong-kiem-toan-bao-cao-tai-chinh-nam-2023/
V/v ngày đăng ký cuối cùng để thực hiện quyền của người sở hữu cổ phiếu – Chi trả cổ tức năm 2022,https://bamepharm.com.vn/wp-content/uploads/2017/04/cropped-SiteLogo.jpg,23/05/2023,Tải các nghị quyết: Tại đây!,https://bamepharm.com.vn/2023/05/23/vv-ngay-dang-ky-cuoi-cung-de-thuc-hien-quyen-cua-nguoi-so-huu-co-phieu-chi-tra-co-tuc-nam-2022/
"CBTT BIÊN BẢN, NGHỊ QUYẾT ĐẠI HỘI ĐỒNG CỔ ĐÔNG 2023",https://bamepharm.com.vn/wp-content/uploads/2017/04/cropped-SiteLogo.jpg,7/4/2023,Vui lòng Tải BB&NQ ĐHĐCĐ 2023: Tại đây!,https://bamepharm.com.vn/2023/04/07/cbtt-bien-ban-nghi-quyet-dai-hoi-dong-co-dong-2023/
CBTT Thông báo và Tài liệu Họp Đại hội đồng cổ đông năm 2023,https://bamepharm.com.vn/wp-content/uploads/2017/04/SiteLogo.jpg,17/03/2023,"Vui lòng tải: Tài liệu họp ĐHĐCĐ: Tại đây! Thông báo, thư mời họp: Tại đây! Tờ trình Số 05 lần 2: Tại đây! (Cập […]",https://bamepharm.com.vn/2023/03/17/cbtt-thong-bao-va-tai-lieu-hop-dai-hoi-dong-co-dong-nam-2023/
CBTT v/v Quyết định áp dụng các biện pháp khắc phục hậu quả về thuế năm 2022,https://bamepharm.com.vn/wp-content/uploads/2017/04/cropped-SiteLogo.jpg,17/03/2023,Vui lòng Tải Quyết định: Tại đây!,https://bamepharm.com.vn/2023/03/17/cbtt-vv-quyet-dinh-ap-dung-cac-bien-phap-khac-phuc-hau-qua-ve-thue-nam-2022/
CBTT Hạn mức tín dụng năm 2023,https://bamepharm.com.vn/wp-content/uploads/2017/04/cropped-SiteLogo.jpg,10/3/2023,NQ Hạn mức tín dụng năm 2023: Tại đây!,https://bamepharm.com.vn/2023/03/10/cbtt-han-muc-tin-dung-nam-2023/
CBTT Báo cáo thường niên năm 2022,https://bamepharm.com.vn/wp-content/uploads/2017/04/cropped-SiteLogo.jpg,7/3/2023,Báo cáo thường niên năm 2022: Tại đây!,https://bamepharm.com.vn/2023/03/07/cbtt-bao-cao-thuong-nien-nam-2022/
CBTT Báo cáo tài chính kiểm toán năm 2022,https://bamepharm.com.vn/wp-content/uploads/2017/04/cropped-SiteLogo.jpg,4/3/2023,Báo cáo tài chính kiểm toán năm 2022.,https://bamepharm.com.vn/2023/03/04/cbtt-bao-cao-tai-chinh-kiem-toan-nam-2022/
CBTT về ngày đăng ký cuối cùng để thực hiện quyền tham dự ĐHĐCĐ thường niên năm 2023,https://bamepharm.com.vn/wp-content/uploads/2017/04/SiteLogo.jpg,23/02/2023,Tải Thông báo Số 01/2023/TB-CT và Nghị quyết Số 01/2023/NQ-HĐQT: Tại đây.  ,https://bamepharm.com.vn/2023/02/23/cbtt-ve-ngay-dang-ky-cuoi-cung-de-thuc-hien-quyen-tham-du-dhdcd-thuong-nien-nam-2023/
Báo cáo Tình hình quản trị công ty năm 2022,https://bamepharm.com.vn/wp-content/uploads/2017/04/cropped-SiteLogo.jpg,5/1/2023,Vui lòng Tải báo cáo: Tại đây!,https://bamepharm.com.vn/2023/01/05/bao-cao-tinh-hinh-quan-tri-cong-ty-nam-2022/
Báo cáo Tình hình quản trị công ty 6 tháng đầu năm 2022,https://bamepharm.com.vn/wp-content/uploads/2017/04/cropped-SiteLogo.jpg,11/8/2022,Vui lòng tải Văn bản: Tại đây!,https://bamepharm.com.vn/2022/08/11/bao-cao-tinh-hinh-quan-tri-cong-ty-6-thang-dau-nam-2022/
CBTT v/v Ký kết hợp đồng kiểm toán Báo cáo tài chính năm 2022,https://bamepharm.com.vn/wp-content/uploads/2017/04/cropped-SiteLogo.jpg,5/7/2022, ,https://bamepharm.com.vn/2022/07/05/cbtt-vv-ky-ket-hop-dong-kiem-toan-bao-cao-tai-chinh-nam-2022/
Danh sách cổ đông lớn năm 2022,https://bamepharm.com.vn/wp-content/uploads/2017/04/cropped-SiteLogo.jpg,5/7/2022,Tải Danh sách tại đây!,https://bamepharm.com.vn/2022/07/05/danh-sach-co-dong-lon-nam-2022/
V/v ngày đăng ký cuối cùng để thực hiện quyền của người sở hữu cổ phiếu – Chi trả cổ tức năm 2021,https://bamepharm.com.vn/wp-content/uploads/2017/04/cropped-SiteLogo.jpg,30/05/2022,Tải các nghị quyết: Tại đây!,https://bamepharm.com.vn/2022/05/30/vv-ngay-dang-ky-cuoi-cung-de-thuc-hien-quyen-cua-nguoi-so-huu-co-phieu-chi-tra-co-tuc-nam-2021/
Bổ nhiệm lại Kế toán trưởng,https://bamepharm.com.vn/wp-content/uploads/2017/04/cropped-SiteLogo.jpg,28/04/2022,Tải Nghị quyết số 07/2022/NQ-HĐQT tại đây!,https://bamepharm.com.vn/2022/04/28/bo-nhiem-lai-ke-toan-truong/
Bổ nhiệm lại Phó Tổng giám đốc phụ trách kinh doanh,https://bamepharm.com.vn/wp-content/uploads/2017/04/SiteLogo.jpg,28/04/2022,Đính kèm Nghị quyết số 06/2022/NQ-HĐQT tại đây!,https://bamepharm.com.vn/2022/04/28/bo-nhiem-lai-pho-tong-giam-doc-phu-trach-kinh-doanh/
CBTT v/v Quyết định áp dụng các biện pháp khắc phục hậu quả về thuế năm 2021,https://bamepharm.com.vn/wp-content/uploads/2017/04/cropped-SiteLogo.jpg,30/03/2022,Đính kèm Quyết định tại đây!,https://bamepharm.com.vn/2022/03/30/cbtt-vv-quyet-dinh-ap-dung-cac-bien-phap-khac-phuc-hau-qua-ve-thue-nam-2021/
"Nghị quyết Bầu Chủ tịch HĐQT, Phó Chủ tịch HĐQT, Trưởng ban kiểm soát, Tổng giám đốc và các chức danh nhiệm kỳ 2022 – 2026",https://bamepharm.com.vn/wp-content/uploads/2017/04/cropped-SiteLogo.jpg,19/03/2022,Tải Nghị quyết và Biên bản họp: Tại đây!  ,https://bamepharm.com.vn/2022/03/19/nghi-quyet-bau-chu-tich-hdqt-va-cac-chuc-danh-nam-2022/
Biên bản và Nghị quyết Đại hội cổ đông thường niên năm 2022,https://bamepharm.com.vn/wp-content/uploads/2017/04/cropped-SiteLogo.jpg,19/03/2022,Biên bản và Nghị quyết Đại hội cổ đông thường niên năm 2022: Tại đây!,https://bamepharm.com.vn/2022/03/19/bien-ban-va-nghi-quyet-dai-hoi-co-dong-thuong-nien-nam-2022/
CBTT Báo cáo thường niên năm 2021,https://bamepharm.com.vn/wp-content/uploads/2017/04/cropped-SiteLogo.jpg,8/3/2022,Vui lòng tải Báo cáo thường niên 2021: Tại đây!,https://bamepharm.com.vn/2022/03/08/cbtt-bao-cao-thuong-nien-nam-2021/
CBTT Báo cáo tài chính năm 2021,https://bamepharm.com.vn/wp-content/uploads/2022/02/logo.jpg,5/3/2022,Tải Báo cáo tài chính năm 2021: Tại đây!,https://bamepharm.com.vn/2022/03/05/cbtt-bao-cao-tai-chinh-nam-2021/
CBTT Tài liệu Đại hội cổ đông thường niên năm 2022,https://bamepharm.com.vn/wp-content/themes/mh-magazine-lite/images/placeholder-medium.png,26/02/2022,"I. Giấy mời, thông báo, các quy chế, mẫu biểu 1. Giấy mời họp (tải xuống: tại đây) 2. Thông báo (tải xuống: tại đây) 3. Chương […]",https://bamepharm.com.vn/2022/02/26/cbtt-tai-lieu-dai-hoi-co-dong-thuong-nien-nam-2022/
Báo cáo kết quả giao dịch cổ phiếu của người nội bô,https://bamepharm.com.vn/wp-content/uploads/2017/04/cropped-SiteLogo.jpg,24/02/2022,Báo cáo kết quả giao dịch của người nội bội: Tại đây!,https://bamepharm.com.vn/2022/02/24/bao-cao-ket-qua-giao-dich-co-phieu-cua-nguoi-noi-bo/
CBTT Hạn mức tín dụng năm 2022,https://bamepharm.com.vn/wp-content/uploads/2022/02/logo.jpg,17/02/2022,Đính kèm Nghị quyết HĐQT: Tại đây.,https://bamepharm.com.vn/2022/02/17/cbtt-han-muc-tin-dung-nam-2022/
Thông báo giao dịch người nội bộ,https://bamepharm.com.vn/wp-content/themes/mh-magazine-lite/images/placeholder-medium.png,16/02/2022,,https://bamepharm.com.vn/2022/02/16/thong-bao-giao-dich-nguoi-noi-bo/
CBTT về ngày đăng ký cuối cùng thực hiện quyền tham dự ĐHĐCĐ thường niên năm 2022,https://bamepharm.com.vn/wp-content/uploads/2017/04/cropped-SiteLogo.jpg,27/01/2022,Tải Thông báo Số 01/2022/TB-CT: Tại đây.,https://bamepharm.com.vn/2022/01/27/cbtt-ve-ngay-dang-ky-cuoi-cung-thuc-hien-quyen-tham-du-dhdcd-thuong-nien-nam-2022/
CBTT danh sách cổ đông lớn 06 tháng đầu năm 2021,https://bamepharm.com.vn/wp-content/uploads/2017/04/cropped-SiteLogo.jpg,23/06/2021,,https://bamepharm.com.vn/2021/06/23/cbtt-danh-sach-co-dong-lon-06-thang-dau-nam-2021/
CBTT v/v Ký hợp đồng kiểm toán báo cáo tài chính năm 2021,https://bamepharm.com.vn/wp-content/uploads/2017/04/cropped-SiteLogo.jpg,23/06/2021,,https://bamepharm.com.vn/2021/06/23/cbtt-vv-ky-hop-dong-kiem-toan-bao-cao-tai-chinh-nam-2021/
CBTT V/v ngày đăng ký cuối cùng để thực hiện quyền của người sở hữu cổ phiếu – Chi trả phần còn lại của cổ tức năm 2020,https://bamepharm.com.vn/wp-content/uploads/2017/04/cropped-SiteLogo.jpg,14/05/2021,,https://bamepharm.com.vn/2021/05/14/cbtt-vv-ngay-dang-ky-cuoi-cung-de-thuc-hien-quyen-cua-nguoi-so-huu-co-phieu-chi-tra-phan-con-lai-cua-co-tuc-nam-2020/
Biên bản và Nghị quyết Đại hội cổ đông thường niên năm 2021,https://bamepharm.com.vn/wp-content/uploads/2017/04/cropped-SiteLogo.jpg,29/04/2021,Biên bản và Nghị quyết Đại hội cổ đông thường niên năm 2021. Tải xuống: tại đây  ,https://bamepharm.com.vn/2021/04/29/bien-ban-va-nghi-quyet-dai-hoi-co-dong-thuong-nien-nam-2021/
CBTT về tài liệu ĐHĐCĐ thường niên năm 2021,https://bamepharm.com.vn/wp-content/uploads/2017/04/cropped-SiteLogo.jpg,7/4/2021,Quý cổ đông vui lòng xem nội dung các mục liên quan dưới đây: 1. Thông báo tham dự ĐHĐCĐ năm 2021:  Tại đây 2. Thư mời […],https://bamepharm.com.vn/2021/04/07/cbtt-ve-tai-lieu-dhdcd-thuong-nien-nam-2021/
CBTT v/v Quyết định áp dụng các biện pháp khắc phục hậu quả về thuế năm 2020,https://bamepharm.com.vn/wp-content/uploads/2017/04/SiteLogo.jpg,30/03/2021,,https://bamepharm.com.vn/2021/03/30/cbtt-vv-quyet-dinh-ap-dung-cac-bien-phap-khac-phuc-hau-qua-ve-thue-nam-2020/
CBTT về ngày đăng ký cuối cùng thực hiện quyền tham dự ĐHĐCĐ thường niên năm 2021,https://bamepharm.com.vn/wp-content/uploads/2017/04/SiteLogo.jpg,15/03/2021,,https://bamepharm.com.vn/2021/03/15/cbtt-ve-ngay-dang-ky-cuoi-cung-thuc-hien-quyen-tham-du-dhdcd-thuong-nien-nam-2021/
CBTT về Báo cáo thường niên năm 2020,https://bamepharm.com.vn/wp-content/uploads/2017/04/cropped-SiteLogo.jpg,5/3/2021,Quý cổ đông vui lòng xem chi tiết báo cáo  Tại đây ,https://bamepharm.com.vn/2021/03/05/cbtt-ve-bao-cao-thuong-nien-nam-2020/
CBTT về Báo cáo tài chính năm 2020 (sau kiểm toán),https://bamepharm.com.vn/wp-content/uploads/2017/04/cropped-SiteLogo.jpg,5/3/2021,Quý cổ đông vui lòng xem chi tiết BCTC 2020  Tại đây ,https://bamepharm.com.vn/2021/03/05/cbtt-ve-bao-cao-tai-chinh-nam-2020-sau-kiem-toan/
Bổ nhiệm Phó Tổng giám đốc,https://bamepharm.com.vn/wp-content/uploads/2017/04/cropped-LogoBamepharmNew-326x245.jpg,28/01/2021,,https://bamepharm.com.vn/2021/01/28/bo-nhiem-pho-tong-giam-doc/
Hạn mức tín dụng năm 2021,https://bamepharm.com.vn/wp-content/uploads/2017/04/cropped-LogoBamepharmNew-326x245.jpg,28/01/2021,,https://bamepharm.com.vn/2021/01/28/han-muc-tin-dung-nam-2021/
Thông qua kết quả kinh doanh năm 2020 và kế hoạch kinh doanh năm 2021,https://bamepharm.com.vn/wp-content/uploads/2017/04/cropped-LogoBamepharmNew-326x245.jpg,28/01/2021,,https://bamepharm.com.vn/2021/01/28/thong-qua-ket-qua-kinh-doanh-nam-2020-va-ke-hoach-kinh-doanh-nam-2021/
CBTT về chốt danh sách cổ đông chi tạm ứng cổ tức năm 2020,https://bamepharm.com.vn/wp-content/uploads/2017/04/SiteLogoSmall.jpg,17/11/2020,,https://bamepharm.com.vn/2020/11/17/cbtt-ve-chot-danh-sach-co-dong-chi-tam-ung-co-tuc-nam-2020/
CBTT về việc thay đổi nhân sự,https://bamepharm.com.vn/wp-content/uploads/2017/04/SiteLogoSmall.jpg,28/09/2020, ,https://bamepharm.com.vn/2020/09/28/cbtt-ve-viec-thay-doi-nhan-su/
Thông báo chốt danh sách cổ đông để chi phần còn lại cổ tức 2019,https://bamepharm.com.vn/wp-content/uploads/2017/04/SiteLogoSmall.jpg,29/07/2020,,https://bamepharm.com.vn/2020/07/29/thong-bao-chot-danh-sach-co-dong-de-chi-phan-con-lai-co-tuc-2019/
CBTT danh sách cổ đông lớn 06 tháng đầu năm 2020,https://bamepharm.com.vn/wp-content/uploads/2017/04/SiteLogoSmall.jpg,28/07/2020,,https://bamepharm.com.vn/2020/07/28/cbtt-danh-sach-co-dong-lon-06-thang-dau-nam-2020/
CBTT về việc ký hợp đồng kiểm toán cho BCTC năm 2020,https://bamepharm.com.vn/wp-content/uploads/2017/04/SiteLogoSmall.jpg,23/07/2020,,https://bamepharm.com.vn/2020/07/23/cbtt-ve-viec-ky-hop-dong-kiem-toan-cho-bctc-nam-2020/
CBTT về biên bản và Nghị quyết ĐHĐCĐ 2020,https://bamepharm.com.vn/wp-content/uploads/2017/04/SiteLogoSmall.jpg,27/06/2020,Quý cổ đông vui lòng xem nội dung  Tại đây,https://bamepharm.com.vn/2020/06/27/cbtt-ve-bien-ban-va-nghi-quyet-dhdcd-2020/
CBTT về tài liệu ĐHĐCĐ thường niên năm 2020,https://bamepharm.com.vn/wp-content/uploads/2017/04/SiteLogoSmall.jpg,12/6/2020,  Quý cổ đông vui lòng xem nội dung các mục liên quan dưới đây: 1. Thư mời tham dự ĐHĐCĐ năm 2020:  Tại đây 2. Thư […],https://bamepharm.com.vn/2020/06/12/cbtt-ve-tai-lieu-dhdcd-thuong-nien-nam-2020/
CBTT về ngày đăng ký cuối cùng thực hiện quyền tham dự ĐHĐCĐ thường niên 2020,https://bamepharm.com.vn/wp-content/uploads/2017/04/SiteLogoSmall.jpg,19/05/2020,,https://bamepharm.com.vn/2020/05/19/cbtt-ve-ngay-dang-ky-cuoi-cung-thuc-hien-quyen-tham-du-dhdcd-thuong-nien-2020/
CBTT về việc gia hạn thời gian tổ chức Đại hội đồng cổ đông thường niên năm 2020,https://bamepharm.com.vn/wp-content/uploads/2017/04/SiteLogoSmall.jpg,17/04/2020, ,https://bamepharm.com.vn/2020/04/17/cbtt-ve-viec-gia-han-thoi-gian-to-chuc-dai-hoi-dong-co-dong-thuong-nien-nam-2020/
CBTT về quyết định xử phạt vi phạm hành chính về thuế năm 2019,https://bamepharm.com.vn/wp-content/uploads/2017/04/SiteLogoSmall.jpg,27/03/2020,,https://bamepharm.com.vn/2020/03/27/cbtt-ve-quyet-dinh-xu-phat-vi-pham-hanh-chinh-ve-thue-nam-2019/
CBTT về ngày đăng ký cuối cùng tham dự ĐHĐCĐ thường niên năm 2020,https://bamepharm.com.vn/wp-content/uploads/2017/04/SiteLogoSmall.jpg,12/3/2020,,https://bamepharm.com.vn/2020/03/12/cbtt-ve-ngay-dang-ky-cuoi-cung-tham-du-dhdcd-thuong-nien-nam-2020/
CBTT về Báo cáo tài chính năm 2019 (sau kiểm toán),https://bamepharm.com.vn/wp-content/uploads/2017/04/SiteLogoSmall.jpg,3/3/2020,Quý cổ đông vui lòng xem chi tiết BCTC 2018  Tại đây ,https://bamepharm.com.vn/2020/03/03/cbtt-ve-bao-cao-tai-chinh-nam-2019-sau-kiem-toan/
CBTT về Báo cáo thường niên năm 2019,https://bamepharm.com.vn/wp-content/uploads/2017/04/SiteLogoSmall.jpg,3/3/2020,Quý cổ đông vui lòng xem chi tiết báo cáo  Tại đây ,https://bamepharm.com.vn/2020/03/03/cbtt-ve-bao-cao-thuong-nien-nam-2019/
CBTT báo cáo tình hình quản trị Công ty năm 2019,https://bamepharm.com.vn/wp-content/uploads/2017/04/SiteLogoSmall.jpg,31/01/2020,Quý cổ đông vui lòng xem nội dung chi tiết liên kết dưới đây: CBTT_Báo cáo tình hình quản trị Công ty năm 2019,https://bamepharm.com.vn/2020/01/31/cbtt-bao-cao-tinh-hinh-quan-tri-cong-ty-nam-2019/
CBTT danh sách cổ đông lớn 06 tháng cuối năm 2019,https://bamepharm.com.vn/wp-content/uploads/2017/04/SiteLogoSmall.jpg,14/01/2020,,https://bamepharm.com.vn/2020/01/14/cbtt-danh-sach-co-dong-lon-06-thang-cuoi-nam-2019/
CBTT về hạn mức tín dụng năm 2020,https://bamepharm.com.vn/wp-content/uploads/2017/04/SiteLogoSmall.jpg,24/12/2019,,https://bamepharm.com.vn/2019/12/24/cbtt-ve-han-muc-tin-dung-nam-2020/
CBTT về chốt danh sách cổ đông chi tạm ứng cổ tức năm 2019,https://bamepharm.com.vn/wp-content/uploads/2017/04/SiteLogoSmall.jpg,8/11/2019,,https://bamepharm.com.vn/2019/11/08/cbtt-ve-chot-danh-sach-co-dong-chi-tam-ung-co-tuc-nam-2019/
CBTT về quyết định của Cục thuế tỉnh Đắk Lắk,https://bamepharm.com.vn/wp-content/uploads/2017/04/SiteLogoSmall.jpg,30/08/2019,,https://bamepharm.com.vn/2019/08/30/cbtt-ve-quyet-dinh-cua-cuc-thue-tinh-dak-lak-2/
CBTT_Danh sách cổ đông lớn thời điểm 06 tháng đầu năm 2019,https://bamepharm.com.vn/wp-content/uploads/2017/04/SiteLogoSmall.jpg,29/07/2019,,https://bamepharm.com.vn/2019/07/29/cbtt_danh-sach-co-dong-lon-thoi-diem-06-thang-dau-nam-2019/
CBTT ký hợp đồng kiểm toán năm 2019,https://bamepharm.com.vn/wp-content/uploads/2017/04/SiteLogoSmall.jpg,6/7/2019,,https://bamepharm.com.vn/2019/07/06/cbtt-ky-hop-dong-kiem-toan-nam-2019/
CBTT về ngày đăng ký cuối cùng để chi trả phần còn lại của cổ tức năm 2018,https://bamepharm.com.vn/wp-content/uploads/2017/04/SiteLogoSmall.jpg,3/5/2019,,https://bamepharm.com.vn/2019/05/03/cbtt-ve-ngay-dang-ky-cuoi-cung-de-chi-tra-phan-con-lai-cua-co-tuc-nam-2018/
CBTT về Biên bản và Nghị quyết ĐHĐCĐ năm 2019,https://bamepharm.com.vn/wp-content/uploads/2017/04/SiteLogoSmall.jpg,20/04/2019,Quý cổ đông vui lòng xem nội dung chi tiết:  Tại đây,https://bamepharm.com.vn/2019/04/20/cbtt-ve-bien-ban-va-nghi-quyet-dhdcd-nam-2019/
CBTT về hạn mức tín dụng năm 2019,https://bamepharm.com.vn/wp-content/uploads/2017/04/SiteLogoSmall.jpg,16/04/2019,,https://bamepharm.com.vn/2019/04/16/cbtt-ve-han-muc-tin-dung-nam-2019/
"Thư mời, giấy uỷ quyền, chương trình làm việc và tài liệu ĐHĐCĐ năm 2019",https://bamepharm.com.vn/wp-content/uploads/2017/04/SiteLogoSmall.jpg,8/4/2019,Quý cổ đông vui lòng xem nội dung các mục liên quan dưới đây: 1. Thư mời tham dự ĐHĐCĐ năm 2019:  Tại đây 2. Thư xác […],https://bamepharm.com.vn/2019/04/08/thu-moi-giay-uy-quyen-chuong-trinh-lam-viec-va-tai-lieu-dhdcd-nam-2019/
Thông báo về việc tổ chức ĐHĐCĐ thường niên 2019,https://bamepharm.com.vn/wp-content/uploads/2017/04/SiteLogoSmall.jpg,5/4/2019,,https://bamepharm.com.vn/2019/04/05/thong-bao-ve-viec-to-chuc-dhdcd-thuong-nien-2019/
CBTT về Báo cáo thường niên năm 2018,https://bamepharm.com.vn/wp-content/uploads/2017/04/SiteLogoSmall.jpg,1/4/2019,Quý cổ đông vui lòng xem chi tiết báo cáo  Tại đây ,https://bamepharm.com.vn/2019/04/01/cbtt-ve-bao-cao-thuong-nien-nam-2018/
CBTT về Báo cáo tài chính 2018 (Sau kiểm toán),https://bamepharm.com.vn/wp-content/uploads/2017/04/SiteLogoSmall.jpg,21/03/2019,Quý cổ đông vui lòng xem chi tiết BCTC 2018  Tại đây ,https://bamepharm.com.vn/2019/03/21/cbtt-ve-bcao-cao-tai-chinh-2018-sau-kiem-toan/
CBTT về ngày đăng ký cuối cùng dự ĐHĐCĐ 2019,https://bamepharm.com.vn/wp-content/uploads/2017/04/SiteLogoSmall.jpg,6/3/2019,,https://bamepharm.com.vn/2019/03/06/cbtt-ve-ngay-dang-ky-cuoi-cung-du-dhdcd-2019/
CBTT báo cáo tình hình quản trị Công ty năm 2018,https://bamepharm.com.vn/wp-content/uploads/2017/04/SiteLogoSmall.jpg,28/01/2019,Quý cổ đông vui lòng xem nội dung chi tiết liên kết dưới đây: CBTT_Tinh hinh quan tri cong ty_signed,https://bamepharm.com.vn/2019/01/28/cbtt-bao-cao-tinh-hinh-quan-tri-cong-ty-nam-2018/
CBTT báo cáo danh sách cổ đông lớn 06 tháng cuối năm 2018,https://bamepharm.com.vn/wp-content/uploads/2017/04/SiteLogoSmall.jpg,24/01/2019,Quý cổ đông vui lòng xem nội dung chi tiết liên kết dưới đây: CBTT_Danh sach co dong lon_signed,https://bamepharm.com.vn/2019/01/24/cbtt-bao-cao-danh-sach-co-dong-lon-06-thang-cuoi-nam-2018/
CBTT về chốt danh sách cổ đông chi tạm ứng cổ tức năm 2018,https://bamepharm.com.vn/wp-content/uploads/2017/04/SiteLogoSmall.jpg,26/11/2018,,https://bamepharm.com.vn/2018/11/26/cbtt-ve-chot-danh-sach-co-dong-chi-tam-ung-co-tuc-nam-2018/
CBTT về việc bổ nhiệm Kế toán trưởng Công ty,https://bamepharm.com.vn/wp-content/uploads/2017/04/SiteLogoSmall.jpg,1/9/2018,,https://bamepharm.com.vn/2018/09/01/cbtt-ve-viec-bo-nhiem-ke-toan-truong-cong-ty/
CBTT về quyết định của Cục thuế tỉnh Đắk Lắk,https://bamepharm.com.vn/wp-content/uploads/2017/04/SiteLogoSmall.jpg,14/08/2018,,https://bamepharm.com.vn/2018/08/14/cbtt-ve-quyet-dinh-cua-cuc-thue-tinh-dak-lak/
CBTT về việc gia hạn thời gian giữ chức vụ Phụ trách kế toán,https://bamepharm.com.vn/wp-content/uploads/2017/04/SiteLogoSmall.jpg,1/8/2018,,https://bamepharm.com.vn/2018/08/01/cbtt-ve-viec-gia-han-thoi-gian-giu-chuc-vu-phu-trach-ke-toan/
Thông báo của HĐQT về việc quản lý tài khoản chứng khoán của cổ đông,https://bamepharm.com.vn/wp-content/uploads/2017/04/SiteLogoSmall.jpg,1/8/2018,,https://bamepharm.com.vn/2018/08/01/thong-bao-cua-hdqt-ve-viec-quan-ly-tai-khoan-chung-khoan-cua-co-dong/
CBTT về ký hợp đồng kiểm toán 2018,https://bamepharm.com.vn/wp-content/uploads/2017/04/SiteLogoSmall.jpg,30/06/2018,,https://bamepharm.com.vn/2018/06/30/cbtt-ve-ky-hop-dong-kiem-toan-2018/
CBTT về chi trả cổ tức năm 2017,https://bamepharm.com.vn/wp-content/uploads/2017/04/SiteLogoSmall.jpg,16/05/2018,,https://bamepharm.com.vn/2018/05/16/cbtt-ve-chi-tra-co-tuc-nam-2017/
Ban hành Quy chế nội bộ về quản trị Công ty,https://bamepharm.com.vn/wp-content/uploads/2017/04/SiteLogoSmall.jpg,27/04/2018,        Quý cổ đông vui lòng xem nội dung chi tiết :  Tại đây,https://bamepharm.com.vn/2018/04/27/ban-hanh-quy-che-noi-bo-ve-quan-tri-cong-ty/
CBTT về ban hành Điều lệ sửa đổi; Bổ nhiệm người phụ trách quản trị Công ty; Hạn mức tín dụng năm 2018,https://bamepharm.com.vn/wp-content/uploads/2017/04/SiteLogoSmall.jpg,27/04/2018,  Quý cổ đông vui lòng xem nội dung chi tiết:  Tại đây,https://bamepharm.com.vn/2018/04/27/cbtt-ve-ban-hanh-dieu-le-sua-doi-bo-nhiem-nguoi-phu-trach-quan-tri-cong-ty-han-muc-tin-dung-nam-2018/
CBTT về Biên bản và Nghị quyết ĐHĐCĐ 2018,https://bamepharm.com.vn/wp-content/uploads/2017/04/SiteLogoSmall.jpg,27/04/2018,Quý cổ đông vui lòng xem nội dung chi tiết:  Tại đây,https://bamepharm.com.vn/2018/04/27/cbtt-ve-bien-ban-va-nghi-quyet-dhdcd-2018/
"Thư mời, giấy uỷ quyền, chương trình làm việc và tài liệu ĐHĐCĐ năm 2018",https://bamepharm.com.vn/wp-content/uploads/2017/04/SiteLogoSmall.jpg,14/04/2018,Quý cổ đông vui lòng xem nội dung các mục liên quan dưới đây: 1. Thư mời tham dự ĐHĐCĐ năm 2018:  Tại đây 2. Thư xác […],https://bamepharm.com.vn/2018/04/14/thu-moi-giay-uy-quyen-chuong-trinh-lam-viec-va-tai-lieu-dhdcd-nam-2018/
Thông báo về việc tổ chức Đại hội đồng cổ đông thường niên 2018,https://bamepharm.com.vn/wp-content/uploads/2017/04/SiteLogoSmall.jpg,10/4/2018,,https://bamepharm.com.vn/2018/04/10/thong-bao-ve-viec-to-chuc-dai-hoi-dong-co-dong-thuong-nien-2018/
CBTT về Báo cáo thường niên năm 2017,https://bamepharm.com.vn/wp-content/uploads/2017/04/SiteLogoSmall.jpg,2/4/2018,Quý cổ đông vui lòng xem chi tiết báo cáo  Tại đây ,https://bamepharm.com.vn/2018/04/02/cbtt-ve-bao-cao-thuong-nien-nam-2017/
CBTT về Báo cáo tài chính 2017,https://bamepharm.com.vn/wp-content/uploads/2017/04/SiteLogoSmall.jpg,23/03/2018,      Quý cổ đông vui lòng xem chi tiết BCTC 2017  Tại đây ,https://bamepharm.com.vn/2018/03/23/cbtt-ve-bao-cao-tai-chinh-2017/
Thông báo về ngày đăng ký cuối cùng chốt danh sách dự ĐHĐCĐ 2018,https://bamepharm.com.vn/wp-content/uploads/2017/04/SiteLogoSmall.jpg,8/3/2018,,https://bamepharm.com.vn/2018/03/08/thong-bao-ve-ngay-dang-ky-cuoi-cung-chot-danh-sach-du-dhdcd-2018/
CBTT: Báo cáo tình hình quản trị Công ty 2017,https://bamepharm.com.vn/wp-content/uploads/2017/04/SiteLogoSmall.jpg,30/01/2018,Quý cổ đông vui lòng xem chi tiết nội dung  Tại đây ,https://bamepharm.com.vn/2018/01/30/cbtt-bao-cao-tinh-hinh-quan-tri-cong-ty-2017/
CBTT về việc bổ sung hạn mức tín dụng,https://bamepharm.com.vn/wp-content/uploads/2017/04/SiteLogoSmall.jpg,23/11/2017,,https://bamepharm.com.vn/2017/11/23/cbtt-ve-viec-bo-sung-han-muc-tin-dung/
Thông báo: Giao dịch cổ phiếu của cổ đông,https://bamepharm.com.vn/wp-content/uploads/2017/04/SiteLogoSmall.jpg,27/10/2017,,https://bamepharm.com.vn/2017/10/27/thong-bao-giao-dich-co-phieu-cua-co-dong-2/
Thông báo: Giao dịch cổ phiếu của cổ đông,https://bamepharm.com.vn/wp-content/uploads/2017/04/SiteLogoSmall.jpg,29/09/2017,,https://bamepharm.com.vn/2017/09/29/thong-bao-giao-dich-co-phieu-cua-co-dong/
Công bố thông tin về bổ nhiệm Phó Tổng Giám đốc Công ty đối với ông Trần Anh Tuấn,https://bamepharm.com.vn/wp-content/uploads/2017/04/SiteLogoSmall.jpg,8/7/2017,,https://bamepharm.com.vn/2017/07/08/cong-bo-thong-tin-ve-bo-nhiem-pho-tong-giam-doc-cong-ty/
Công bố thông tin về việc thôi giao nhiệm vụ Kế toán trưởng đối với bà Nguyễn Thị Thanh Hân,https://bamepharm.com.vn/wp-content/uploads/2017/04/SiteLogoSmall.jpg,28/06/2017,,https://bamepharm.com.vn/2017/06/28/cong-bo-thong-tin-ve-viec-thoi-giao-nhiem-vu-ke-toan-truong-doi-voi-ba-nguyen-thi-thanh-han/
Công bố thông tin Quyết định của Cục thuế tỉnh Đắk Lắk,https://bamepharm.com.vn/wp-content/uploads/2017/04/SiteLogoSmall.jpg,13/06/2017,,https://bamepharm.com.vn/2017/06/13/cong-bo-thong-tin-quyet-dinh-cua-cuc-thue-tinh-dak-lak/
CBTT về hạn mức tín dụng 2017 và thay đổi người công bố thông tin,https://bamepharm.com.vn/wp-content/uploads/2017/04/SiteLogoSmall.jpg,27/05/2017,,https://bamepharm.com.vn/2017/05/27/cbtt-ve-han-muc-tin-dung-2017-va-thay-doi-nguoi-cong-bo-thong-tin/
Công bố thông tin về việc thôi giao nhiệm vụ Phó Tổng Giám đốc đối với ông Nguyễn Ngọc Tuyên,https://bamepharm.com.vn/wp-content/uploads/2017/04/SiteLogoSmall.jpg,19/04/2017,,https://bamepharm.com.vn/2017/04/19/cong-bo-thong-tin-ve-viec-thoi-giao-nhiem-vu-pho-tong-giam-doc-doi-voi-ong-nguyen-ngoc-tuyen/
Công bố thông tin về thay đổi Giấy phép kinh doanh,https://bamepharm.com.vn/wp-content/uploads/2017/04/SiteLogoSmall.jpg,5/4/2017,,https://bamepharm.com.vn/2017/04/05/cong-bo-thong-tin-ve-thay-doi-giay-phep-kinh-doanh/
Thông báo chốt quyền chi trả cổ tức năm 2016,https://bamepharm.com.vn/wp-content/uploads/2017/04/SiteLogoSmall.jpg,25/03/2017,,https://bamepharm.com.vn/2017/03/25/thong-bao-chot-quyen-chi-tra-co-tuc-nam-2016/
"CBTT: Kết quả bầu cử thành viên HĐQT, BKS nhiệm kỳ 2017-2021; Bổ nhiệm Tổng Giám đốc và Thư ký Công ty; Thay đổi người công bố thông tin",https://bamepharm.com.vn/wp-content/uploads/2017/04/SiteLogoSmall.jpg,23/03/2017,,https://bamepharm.com.vn/2017/03/23/cbtt-ket-qua-bau-cu-thanh-vien-hdqt-bks-nhiem-ky-2017-2021-bo-nhiem-tong-giam-doc-va-thu-ky-cong-ty-thay-doi-nguoi-cong-bo-thong-tin/
Công bố thông tin: Biên bản và Nghị quyết của ĐHĐCĐ nhiệm kỳ IV (2017-2021),https://bamepharm.com.vn/wp-content/uploads/2017/04/SiteLogoSmall.jpg,23/03/2017,Quý cổ đông vui lòng xem chi tiết nội dung  Tại đây         ,https://bamepharm.com.vn/2017/03/23/cong-bo-thong-tin-bien-ban-va-nghi-quyet-cua-dhdcd-nhiem-ky-iv-2017-2021/
Báo cáo thường niên năm 2016,https://bamepharm.com.vn/wp-content/uploads/2017/04/SiteLogoSmall.jpg,20/03/2017,Quý cổ đông vui lòng xem chi tiết nội dung  Tại đây ,https://bamepharm.com.vn/2017/03/20/bao-cao-thuong-nien-nam-2016/
Công bố thông tin: Báo cáo tài chính 2016 (Đã kiểm toán),https://bamepharm.com.vn/wp-content/uploads/2017/04/SiteLogoSmall.jpg,16/03/2017,Quý cổ đông vui lòng xem chi tiết nội dung  Tại đây ,https://bamepharm.com.vn/2017/03/16/cong-bo-thong-tin-bao-cao-tai-chinh-2016-da-kiem-toan/
Công bố thông tin: Thời gian tổ chức ĐHĐCĐ năm 2017,https://bamepharm.com.vn/wp-content/uploads/2017/04/SiteLogoSmall.jpg,7/3/2017,,https://bamepharm.com.vn/2017/03/07/cong-bo-thong-tin-thoi-gian-to-chuc-dhdcd-nam-2017/
"Thư mời, giấy uỷ quyền, chương trình làm việc và tài liệu ĐHĐCĐ năm 2017",https://bamepharm.com.vn/wp-content/uploads/2017/04/SiteLogoSmall.jpg,7/3/2017,Quý cổ đông vui lòng xem nội dung các mục liên quan dưới đây:     1. Thư mời tham dự ĐHĐCĐ năm 2017:  Tại đây   2. Giấy […],https://bamepharm.com.vn/2017/03/07/thu-moi-giay-uy-quyen-chuong-trinh-lam-viec-va-tai-lieu-dhdcd-nam-2017/
Thông báo ngày đăng ký cuối cùng để dự ĐHĐCĐ nhiệm kỳ IV (2017-2021),https://bamepharm.com.vn/wp-content/uploads/2017/04/SiteLogoSmall.jpg,13/02/2017,Xin mời quý cổ đông xem nội dung thông báo tại:  Thông báo chốt danh sách cổ đông dự ĐHĐCĐ,https://bamepharm.com.vn/2017/02/13/thong-bao-ngay-dang-ky-cuoi-cung-de-du-dhdcd-nhiem-ky-iv-2017-2021/
Báo cáo tình hình quản trị năm 2016,https://bamepharm.com.vn/wp-content/uploads/2017/04/SiteLogoSmall.jpg,30/01/2017,Quý cổ đông vui lòng xem chi tiết nội dung  Tại đây,https://bamepharm.com.vn/2017/01/30/bao-cao-tinh-hinh-quan-tri-nam-2016/
